,dtype,missing,missing_%,unique (sample)
FL_DATE,datetime64[us],0,0.0,335
OP_CARRIER,str,0,0.0,15
ORIGIN,str,0,0.0,305
DEST,str,0,0.0,305
CRS_DEP_TIME,Int64,0,0.0,1297
DEP_DELAY,float64,0,0.0,1091
CRS_ARR_TIME,Int64,0,0.0,1389
ARR_DELAY,float64,0,0.0,1142
CRS_ELAPSED_TIME,float64,0,0.0,550
MONTH,int64,0,0.0,11
DAY_OF_MONTH,int64,0,0.0,31
DAY_OF_WEEK,int64,0,0.0,7
O_TEMP,float64,513,0.008,613
O_PRCP,float64,513,0.008,206
O_WSPD,float64,513,0.008,211
D_TEMP,float64,750,0.012,623
D_PRCP,float64,750,0.012,219
D_WSPD,float64,750,0.012,226
O_LATITUDE,float64,0,0.0,305
O_LONGITUDE,float64,0,0.0,305
D_LATITUDE,float64,0,0.0,305
D_LONGITUDE,float64,0,0.0,305
